caption,likesCount,hashtags/0,hashtags/1,hashtags/2,hashtags/3,hashtags/4,hashtags/5,hashtags/6,hashtags/7,hashtags/8,hashtags/9,hashtags/10,hashtags/11,hashtags/12,hashtags/13,hashtags/14,hashtags/15,hashtags/16,hashtags/17,hashtags/18,hashtags/19,hashtags/20,hashtags/21,hashtags/22,hashtags/23,hashtags/24,hashtags/25,hashtags/26,hashtags/27,hashtags/28,hashtags/29,locationId,mentions/0,mentions/1,mentions/2,mentions/3,mentions/4,mentions/5,commentsCount,ownerFullName,url,inputUrl,ownerUsername
"The finished Menswear Father’s Day window

@marksandspencerstyle 
@marksandspencer 

#fyp #foryoupage #window #fashion #styling #merchandising #visualmerchandising #stylist #highstreet #highstreetfashion #highstreetstyle #marksandspencers #mands",2,fyp,foryoupage,window,fashion,styling,merchandising,visualmerchandising,stylist,highstreet,highstreetfashion,highstreetstyle,marksandspencers,mands,,,,,,,,,,,,,,,,,,1480723,marksandspencerstyle,marksandspencer,,,,,0,Chloe Hedges,https://www.instagram.com/p/DJ8zhYwtJjl/,https://www.instagram.com/explore/tags/MandS,bychloehedges
". 

      & !

#vehiclerepair #supportlocal  #bridgendbusiness #BridgendLocal #brynmenyn #shoplocal #Mands #Bridgend #localbusiness #accidentrepair #vehiclemaintenance #bridgendcounty #supportlocalbusiness #SupportSmallBusiness #mandsvehicleservices #vehiclerepair #BridgendLocal #brynmenyn #bridgendbusiness #Mands #Bridgend #supportlocal #shopbridgend #vehiclemaintenance",,vehiclerepair,supportlocal,bridgendbusiness,BridgendLocal,brynmenyn,shoplocal,Mands,Bridgend,localbusiness,accidentrepair,vehiclemaintenance,bridgendcounty,supportlocalbusiness,SupportSmallBusiness,mandsvehicleservices,shopbridgend,,,,,,,,,,,,,,,,,,,,,,0,M&S Vehicle Services Ltd,https://www.instagram.com/p/DJ8qu9UvRcw/,https://www.instagram.com/explore/tags/MandS,mandsvehicleservices
"Halloween Party Bangers at marksandspencerfood 

#halloweencookies #halloweenpartyideas #halloweenpartyfood #halloweenfood #halloweenfoodideas #marksandspencer #mands",,halloweencookies,halloweenpartyideas,halloweenpartyfood,halloweenfood,halloweenfoodideas,marksandspencer,mands,,,,,,,,,,,,,,,,,,,,,,,,,,,,,,,0,Big Schroeder,https://www.instagram.com/p/DJ8jjIIuOcT/,https://www.instagram.com/explore/tags/MandS,hinainstyle
"It’s never too early to start thinking about christmas!! Especially when it comes to MS and their food 

Everything was absolutely unreal ofc! Standout for me is the frozen trifle caked alaska  so easily kept in the freezer until the big day (or in my case probably going to be eaten long before )

PR INVITEad

#dayinthelife #christmasfood #marksandspencer #mands #marksandspencerfood",,dayinthelife,christmasfood,marksandspencer,mands,marksandspencerfood,,,,,,,,,,,,,,,,,,,,,,,,,,,,,,,,,0,,https://www.instagram.com/p/DJ7Qw_gvN-G/,https://www.instagram.com/explore/tags/MandS,inspirewithmirna
"Marks & Spencer CEO takes a £1.1M pay cut following a major cyberattack that disrupted operations. This incident underscores the rising stakes of cybersecurity in retail and the accountability demanded from corporate leadership.

Shrikanth Govindarajan takes a close look at how the M&S breach not only exposed customer data but also has far-reaching implications across the business. It’s time to reinforce the digital guardrails.

Read more: https://www.ciol.com/news/ms-ceo-faces-11m-pay-hit-after-cyberattack-shakes-retail-giant-9086381

#CIOL #MandS #CyberAttack #LeadershipAccountability #RetailSecurity #CEOPayCut",,CIOL,MandS,CyberAttack,LeadershipAccountability,RetailSecurity,CEOPayCut,,,,,,,,,,,,,,,,,,,,,,,,,,,,,,,,0,CiOL,https://www.instagram.com/p/DJ6f2ooJ4cg/,https://www.instagram.com/explore/tags/MandS,ciol_news
M&S online shopping is on hold due to a cyberattack. Find out when you might be able to shop online again and what's happening with customer data. Link in bio for full story... @venture.news.official  #MandS #CyberAttack #OnlineShopping #RetailChaos #CustomerData,,MandS,CyberAttack,OnlineShopping,RetailChaos,CustomerData,,,,,,,,,,,,,,,,,,,,,,,,,,,venture.news.official,,,,,,0,Venture,https://www.instagram.com/p/DJ6T7LzBv-0/,https://www.instagram.com/explore/tags/MandS,venture.news.official
". 

      & !

#vehiclerepair #supportlocal  #bridgendbusiness #BridgendLocal #brynmenyn #shoplocal #Mands #Bridgend #localbusiness #accidentrepair #vehiclemaintenance #bridgendcounty #supportlocalbusiness #SupportSmallBusiness #mandsvehicleservices #vehiclerepair #BridgendLocal #brynmenyn #bridgendbusiness #Mands #Bridgend #supportlocal #shopbridgend #vehiclemaintenance",,vehiclerepair,supportlocal,bridgendbusiness,BridgendLocal,brynmenyn,shoplocal,Mands,Bridgend,localbusiness,accidentrepair,vehiclemaintenance,bridgendcounty,supportlocalbusiness,SupportSmallBusiness,mandsvehicleservices,shopbridgend,,,,,,,,,,,,,,,,,,,,,,0,M&S Vehicle Services Ltd,https://www.instagram.com/p/DJ6Mz1WqQVV/,https://www.instagram.com/explore/tags/MandS,mandsvehicleservices
"#Хайлайтер #MarksandSpencer #MandS 

Стан: Новий 

Колір: #Білий

Розмір: _____

Склад: _____

Опис:

Ціна: 350 грн

#Київ #Харків #Дніпро #Одеса #Запоріжжя #Львів #Миколаїв #Вінниця #Черкаси #Рівне #Тернопіль #ІваноФранківськ #Луцьк",1,Хайлайтер,MarksandSpencer,MandS,Білий,Київ,Харків,Дніпро,Одеса,Запоріжжя,Львів,Миколаїв,Вінниця,Черкаси,Рівне,Тернопіль,ІваноФранківськ,Луцьк,,,,,,,,,,,,,,5.41279E+14,,,,,,,0,XVIVMCMLXXXIV,https://www.instagram.com/p/DJ6LaULxF1U/,https://www.instagram.com/explore/tags/MandS,serhiikholod
"M&S faces a £300m profit hit and offline online services until July after a major cyber attack. Customer data stolen, CEO pay slashed, and a class action lawsuit looms. Here’s what you need to know. Link in bio for full story... @venture.news.official  #MandS #CyberAttack #DataBreach #RetailChaos #OnlineShopping",,MandS,CyberAttack,DataBreach,RetailChaos,OnlineShopping,,,,,,,,,,,,,,,,,,,,,,,,,,,venture.news.official,,,,,,0,Venture,https://www.instagram.com/p/DJ6BY2KASgx/,https://www.instagram.com/explore/tags/MandS,venture.news.official
"Today is Marks and Spencer results day – a key moment in the retail calendar.

But this year, the headline figures are accompanied by a much more unusual and challenging backdrop.

For the past four weeks, M&S – along with fellow British retailers including Co-op and Harrods – has been managing the fallout of a major cyber attack. This is a company that, under the leadership of Stuart Machin has worked tirelessly to rebuild trust, relevance, and momentum across the high street. Now, it faces a test of resilience from a very different front.

I’ve contributed to a new BBC documentary released today – Inside the High Street Cyber-Attacks – which explores what really happened, how these brands were targeted, and crucially, how businesses can better protect and prepare themselves.

My focus, as ever, is the consumer. What do they experience during a cyber crisis? How is trust maintained or lost? And how can retailers communicate clearly and compassionately in a world full of jargon and confusion?

This isn’t just an IT issue – it’s a boardroom conversation, and one that affects reputation, loyalty, and business continuity.

The documentary is now available on BBC iPlayer, and I hope it helps shed light on the scale of the challenge – and the steps retailers must take to navigate it with clarity and care.

The Customer Whisperer TV 

Insight with Passion Consultancy 

Hardcastle Collective 

Sara Cameron 
Speakers Corner 
BBC News 

#BBC #BBCDocumentary 
#Retail #CyberSecurity #ConsumerTrust #MarksandSpencer #MandS #CoOp #Harrods #Leadership #RetailEvolution #TheCustomerWhisperer",3,BBC,BBCDocumentary,Retail,CyberSecurity,ConsumerTrust,MarksandSpencer,MandS,CoOp,Harrods,Leadership,RetailEvolution,TheCustomerWhisperer,,,,,,,,,,,,,,,,,,,213037769,,,,,,,0,Kate Hardcastle MBE Broadcaster & Business Transformation,https://www.instagram.com/p/DJ5wwlRi_fj/,https://www.instagram.com/explore/tags/MandS,realkatehardcastle
"Window behind the scenes

Felt great to be back in the window and executing some new and fresh visual work after a month of minimal movement due to the cyber attack! 

Looking forward to things moving forward and all the new summer lines and campaigns coming together

@marksandspencerstyle 
@marksandspencer 

#fyp #foryoupage #styling #merchandising #visualmerchandising #stylist #behindthescenes #windowdressing #highstreet #highstreetfashion #fashion #summer #marksandspencer #mands",10,fyp,foryoupage,styling,merchandising,visualmerchandising,stylist,behindthescenes,windowdressing,highstreet,highstreetfashion,fashion,summer,marksandspencer,mands,,,,,,,,,,,,,,,,,1480723,marksandspencerstyle,marksandspencer,,,,,0,Chloe Hedges,https://www.instagram.com/p/DJ4lQ2utKUt/,https://www.instagram.com/explore/tags/MandS,bychloehedges
"Shirt - @charlestyrwhitt
Necktie - @pinkshirtmaker
Trousers - @johnlewis
Belt - @hackettlondon
Shoes - @clarksshoes
Socks - @marksandspencerstyle

#charlestyrwhitt #thomaspink #shirtandtie #johnlewis #hackett #hackettlondon #clarks #clarksshoes #marksandspencer #mands #menswear #mensstyle #mensclothing #preppystyle #ivystyle #tradstyle #streetstyle #classicstyle #whatiamwearing #ootd",16,charlestyrwhitt,thomaspink,shirtandtie,johnlewis,hackett,hackettlondon,clarks,clarksshoes,marksandspencer,mands,menswear,mensstyle,mensclothing,preppystyle,ivystyle,tradstyle,streetstyle,classicstyle,whatiamwearing,ootd,,,,,,,,,,,,charlestyrwhitt,pinkshirtmaker,johnlewis,hackettlondon,clarksshoes,marksandspencerstyle,0,Paul Gabriel,https://www.instagram.com/p/DJ4g1pftdd0/,https://www.instagram.com/explore/tags/MandS,pbhgbrl
"Top M&S Collection blanc cassé taille 6
Classique et facile à matcher
DM si tu veux le lien Vinted
#mands #vinted #vintedfinds #secondhand

Off-white top from M&S Collection size 6
Classic and easy to pair
DM me for the Vinted link
#mands #vinted #vintedfinds #secondhand",,mands,vinted,vintedfinds,secondhand,,,,,,,,,,,,,,,,,,,,,,,,,,,,,,,,,,0,Krswardrobe,https://www.instagram.com/p/DJ4WKkusZOT/,https://www.instagram.com/explore/tags/MandS,krswardrobe
"More spring campaign shots ft. handmade 6ft mirrored plinth   
•
•
Prop making for the lovely @jadealexander__ for @marksandspencer and @batterseapwrstn through @sammieshane_x and @jj.mediagroup back in March ⚒️
•
•
#props #propmaking #plinth #mirroredplinth #batterseapowerstation #mands #marksandspencer",25,props,propmaking,plinth,mirroredplinth,batterseapowerstation,mands,marksandspencer,,,,,,,,,,,,,,,,,,,,,,,,,jadealexander__,marksandspencer,batterseapwrstn,sammieshane_x,jj.mediagroup,,0,,https://www.instagram.com/p/DJ4G6TWNxkH/,https://www.instagram.com/explore/tags/MandS,jago_bintage
"Elevate your summer wardrobe with these size 12 women's items! From stylish Next jeans to a chic M&S blouse, find your perfect outfit for the season ☀️ #SummerFashion #Size12 #WomensClothing #Next #MandS  #eBaySeller #Summer #OutfitSet #Jeans #Jumpsuit

https://ebay.us/m/MAMAPb
https://ebay.us/m/L8EVoH
https://ebay.us/m/AhdcTP
https://ebay.us/m/zMk339",,SummerFashion,Size12,WomensClothing,Next,MandS,eBaySeller,Summer,OutfitSet,Jeans,Jumpsuit,,,,,,,,,,,,,,,,,,,,,,,,,,,,0,penspreloved,https://www.instagram.com/p/DJ37IiZt14t/,https://www.instagram.com/explore/tags/MandS,penspreloved
". 

      & !

#vehiclerepair #supportlocal  #bridgendbusiness #BridgendLocal #brynmenyn #shoplocal #Mands #Bridgend #localbusiness #accidentrepair #vehiclemaintenance #bridgendcounty #supportlocalbusiness #SupportSmallBusiness #mandsvehicleservices #vehiclerepair #BridgendLocal #brynmenyn #bridgendbusiness #Mands #Bridgend #supportlocal #shopbridgend #vehiclemaintenance",,vehiclerepair,supportlocal,bridgendbusiness,BridgendLocal,brynmenyn,shoplocal,Mands,Bridgend,localbusiness,accidentrepair,vehiclemaintenance,bridgendcounty,supportlocalbusiness,SupportSmallBusiness,mandsvehicleservices,shopbridgend,,,,,,,,,,,,,,,,,,,,,,0,M&S Vehicle Services Ltd,https://www.instagram.com/p/DJ3mTKZM2Kw/,https://www.instagram.com/explore/tags/MandS,mandsvehicleservices
"Dressing Room Details 

This room hasn’t really featured on here yet… as we are still deciding whether to paint this room (well the 2 walls we don’t have wallpaper on) & yes we probably should of done this before wallpapering. 

Still impressed with this @scion_living wallpaper - the quality is fantastic 

#FirstHome #NewBuildHome #NewBuildBedroom #NewBuildMaster #NewBuild #FirstTimeBuyers #M&S #MarksAndSpencer #MandS #GreenDecor #GreenHome #HomeAccount #HomeDecor #HomeOwners #M&SHome #Marks&SpencersHome #HomeOwners #HomeDecor #FirstNewBuild  #Follow #NextHome #Wallpaper  #WallpaperDecor #Scion #ScionLiving #ScionWallpaper #NavyDecor #DressingRoom",3,FirstHome,NewBuildHome,NewBuildBedroom,NewBuildMaster,NewBuild,FirstTimeBuyers,M&S,MarksAndSpencer,MandS,GreenDecor,GreenHome,HomeAccount,HomeDecor,HomeOwners,M&SHome,Marks&SpencersHome,FirstNewBuild,Follow,NextHome,Wallpaper,WallpaperDecor,Scion,ScionLiving,ScionWallpaper,NavyDecor,DressingRoom,,,,,,scion_living,,,,,,0,No.52,https://www.instagram.com/p/DJ1tdVvK9W9/,https://www.instagram.com/explore/tags/MandS,theuplandsno.52
"._.
ロンドンとパリで紅茶をいっぱい購入☕️

・NINA’S ニナス マリー・アントワネット ティー

・Fortnum & Mason  Countess Grey

・KUSMI TEA  Anastasia 

・ Dammann Freres (ダマンフレール)  JARDIN BLEU

・TWG  French Earl Grey

・Palais des Thés 
  The Des Lord (Flavoured black tea - Citrus)

・M&S  English Breakfast Tea 

・Monoprix Earl grey

#France #paris #England #London #favoritetea #travelinginengland #travelinginfrance 
#紅茶 #お気に入りの紅茶 #ninas #ニナスマリーアントワネットティー #ニナスマリーアントワネット #fortnumandmason #countessgrey #KUSMITEA  #anastasia #DammannFreres #ダマンフレールの紅茶 #jardinbleu #TWG #FrenchEarlGrey #PalaisdesThés #TheDesLord #Flavouredblacktea #Citrus #mands #markandspencer #EnglishBreakfastTea #Monoprix #Earlgrey",,France,paris,England,London,favoritetea,travelinginengland,travelinginfrance,紅茶,お気に入りの紅茶,ninas,ニナスマリーアントワネットティー,ニナスマリーアントワネット,fortnumandmason,countessgrey,KUSMITEA,anastasia,DammannFreres,ダマンフレールの紅茶,jardinbleu,TWG,FrenchEarlGrey,PalaisdesThés,TheDesLord,Flavouredblacktea,Citrus,mands,markandspencer,EnglishBreakfastTea,Monoprix,Earlgrey,,,,,,,,0,fuwa-fuwa,https://www.instagram.com/p/DJMadsJpIkO/,https://www.instagram.com/explore/tags/MandS,pink_4_rose_
"⭐ Scoop it, load it, love it  

 Top of the Chocs: a chocolate lover’s dream, blending dark chocolate ice cream with chocolate coated biscuit bits and decadent chocolate truffles.
 Movie Night Popcorn Flavour: a cinematic treat, with rich caramel swirls and crunchy chocolate coated pretzel pieces.
 Nut your Average: a sumptuous hazelnut and milk chocolate ice cream, speckled with whole praline hazelnuts.

Find our Fully Loaded #icecream tubs in your local M&S Foodhall or via the link in bio NOW! 

#MandSCy #Symeonides #thisisnotjust",4,icecream,MandSCy,Symeonides,thisisnotjust,,,,,,,,,,,,,,,,,,,,,,,,,,,,,,,,,,0,Symeonides Fashion House,https://www.instagram.com/p/DJ8eLFbCQa4/,https://www.instagram.com/explore/tags/ThisIsNotJust,marksandspencer_symeonides
"Quality you trust, style you love. This is M&S.”

#MyMandS
#MandSStyle
#MarksandSpencer
#MandSHome (if styled for gifting or décor)
#MandSStationery
#ThisIsNotJust",1,MyMandS,MandSStyle,MarksandSpencer,MandSHome,MandSStationery,ThisIsNotJust,,,,,,,,,,,,,,,,,,,,,,,,,326995278,,,,,,,0,zahra,https://www.instagram.com/p/DJ58dNSz6MP/,https://www.instagram.com/explore/tags/ThisIsNotJust,zahra_shopian
"⭐ New in the M&S Foodhall

Our shelves in the #biscuit aisle are stacked... and your cravings are about to be satisfied! All, baked for a satisfyingly crunchy texture and perfect for dunking in your cuppa. ☕

Come find your new fave in your local M&S Foodhall or via the link in bio. 

#MandSCy #Symeonides #thisisnotjust",8,biscuit,MandSCy,Symeonides,thisisnotjust,,,,,,,,,,,,,,,,,,,,,,,,,,,,,,,,,,0,Symeonides Fashion House,https://www.instagram.com/p/DJ395S-Ri_Q/,https://www.instagram.com/explore/tags/ThisIsNotJust,marksandspencer_symeonides
"Je jedno jestli ovocný, bylinný, černý, zelený nebo kořeněný. Čaj u nás milujeme v jakékoli podobě. 

Dnes je skvělá příležitost dopřát si svůj oblíbený šálek. Tento hřejivý nápoj má totiž dnes svůj svátek – slaví se totiž Mezinárodní den čaje!  Tak na zdraví. 

#marksandspenerczechrepublic #marksandspencerceskarepublika #mezinarodnidencaje #fairtrade #fairtradecaj #thisisnotjust #marksandspencerpotraviny",18,marksandspenerczechrepublic,marksandspencerceskarepublika,mezinarodnidencaje,fairtrade,fairtradecaj,thisisnotjust,marksandspencerpotraviny,,,,,,,,,,,,,,,,,,,,,,,,,,,,,,,1,M&S Czech Republic,https://www.instagram.com/p/DJ3qAqNgZwV/,https://www.instagram.com/explore/tags/ThisIsNotJust,marksandspencerczechrepublic
"Tonight on the menu: Mongolian stir-fried beef mince with fried egg and steamed rice, courtesy of @MarkMoriarty1.

 Catch Cook Like a Chef with Mark Moriarty in partnership with @mandsireland every Wednesday at 8pm on RTÉ One.

#MyMarksFave #ThisIsNotJust",45,MyMarksFave,ThisIsNotJust,,,,,,,,,,,,,,,,,,,,,,,,,,,,,,MarkMoriarty1.,mandsireland,,,,,0,M&S Ireland,https://www.instagram.com/p/DJuO3rTNQWL/,https://www.instagram.com/explore/tags/ThisIsNotJust,marksandspencerireland
"A swirl of yoghurt, a sprinkle of crunch, and your favourite #frozenfruits! 
Discover a colourful fruit medley of juicy mango, plump blueberries, and ripe raspberries, perfect for chia puddings, yoghurt parfaits (and more!) in your local M&S Foodhall or via the link in bio. 
#MandSCy #Symeonides #thisisnotjust",6,frozenfruits!,MandSCy,Symeonides,thisisnotjust,,,,,,,,,,,,,,,,,,,,,,,,,,,,,,,,,,0,Symeonides Fashion House,https://www.instagram.com/p/DJn32fJCZGq/,https://www.instagram.com/explore/tags/ThisIsNotJust,marksandspencer_symeonides
"You need these cookie dunkers in your life marksandspencerfood 

#cosy #hotchocolate #cookies #dunk #biscuit #dunking #cosyvibes #chocolate #hotelchocolat #foodie #hotdrink #mymarks #thisisnotjust #cookiedunkers #maltedmilk #new #relaxed #cosynights #coffee #tea #yum #nifoodblogger #belfastblogger #nibloggers #nifoodie #foodstagram",,cosy,hotchocolate,cookies,dunk,biscuit,dunking,cosyvibes,chocolate,hotelchocolat,foodie,hotdrink,mymarks,thisisnotjust,cookiedunkers,maltedmilk,new,relaxed,cosynights,coffee,tea,yum,nifoodblogger,belfastblogger,nibloggers,nifoodie,foodstagram,,,,,,,,,,,,0,Ibtihal Morales,https://www.instagram.com/p/DJm4YIisdV5/,https://www.instagram.com/explore/tags/ThisIsNotJust,belfastfoodies
"Dnešní den patří ženám, které s námi byly u prvních slov, prvních krůčků i prvních přípitků. ❤️

Dnes patří všechny přípitky jim – maminkám. Na zdraví! 

#marksandspencerczechrepublic #marksandspencerceskarepublika #denmatek #denmatekdarek #thisisnotjust #marksandspencerpotraviny",128,marksandspencerczechrepublic,marksandspencerceskarepublika,denmatek,denmatekdarek,thisisnotjust,marksandspencerpotraviny,,,,,,,,,,,,,,,,,,,,,,,,,,,,,,,,0,M&S Czech Republic,https://www.instagram.com/p/DJgGpFnMbWG/,https://www.instagram.com/explore/tags/ThisIsNotJust,marksandspencerczechrepublic
"Jak začít Světový den pro fair trade? Přece šálkem kávy nebo čaje od certifikovaných famářů.♻️

Podporujeme spravedlivý obchod, proto si dáváme záležet, aby naše kávová zrna a čajové lístky pocházeli z oveřených a férových zdrojů. 

#marksandspencerceskarepublika #marksandspencerczechrepublic #marksandspencerpotraviny #thisisnotjust #fairtrade #spravedlivyobchod",33,marksandspencerceskarepublika,marksandspencerczechrepublic,marksandspencerpotraviny,thisisnotjust,fairtrade,spravedlivyobchod,,,,,,,,,,,,,,,,,,,,,,,,,,,,,,,,0,M&S Czech Republic,https://www.instagram.com/p/DJdh1Y6RxCM/,https://www.instagram.com/explore/tags/ThisIsNotJust,marksandspencerczechrepublic
"Bring the heat to BBQ season 

It’s the Grill trio you never knew you needed to spice up the summer season, and here are the 3 reasons your BBQ just levelled up… 

  Smashed Burgers – perfectly seasoned with cracked black pepper and sea salt. Get these thin, juicy patties onto a sizzling hot griddle to get
that irresistible, caramelised crust and stack up those buns! 

 Our Best Ever Posh Dogs – an elevated, classic recipe made with cherrywood smoked pork shoulder and an American-style smoky seasoning
blend. Enjoy with lashings of ketchup and mustard for the ultimate comfort bite in every mouthful  

 Nduja King Prawn Skewers – specially selected for succulence and smothered in a hot and smoky Italian nduja paste with chilli, garlic and paprika.

Summer has never tasted so good ☀️

Find our Grill range in your local M&S Foodhall 

#thisisnotjust",24,thisisnotjust,,,,,,,,,,,,,,,,,,,,,,,,,,,,,,,,,,,,,1,M&S Ireland,https://www.instagram.com/p/DJcDq-1NR_W/,https://www.instagram.com/explore/tags/ThisIsNotJust,marksandspencerireland
New Finds!  At M&S @marksandspencerfood #mandsfood #thisisnotjust #cake #truffles #chocolate #wellthisisnew,166,mandsfood,thisisnotjust,cake,truffles,chocolate,wellthisisnew,,,,,,,,,,,,,,,,,,,,,,,,,,marksandspencerfood,,,,,,2,Well This Is New,https://www.instagram.com/p/DJbFOhKInh_/,https://www.instagram.com/explore/tags/ThisIsNotJust,_well_this_is_new_
"⭐ New in the M&S Foodhall - let’s get the BALL rolling on brain health 

Our brilliant new mixed berry and almond butter Brain Food Brain Ball is here!

High in iron, zinc and vitamin B12, this tasty on-the-go snack provides at least 30% of the RNI of these essential brain-health nutrients in one go. 

Find it in your local M&S Foodhall or via the link in bio NOW! 

*Best enjoyed as part of a healthy lifestyle & a balanced, varied diet. High in iron and zinc, which contribute to normal cognitive function.*

#MandSCy #Symeonides #thisisnotjust",6,MandSCy,Symeonides,thisisnotjust,,,,,,,,,,,,,,,,,,,,,,,,,,,,,,,,,,,0,Symeonides Fashion House,https://www.instagram.com/p/DJa_07fiByO/,https://www.instagram.com/explore/tags/ThisIsNotJust,marksandspencer_symeonides
"Made with love, our Irish bread is baked fresh in our in-store bakeries every day ☘ #ThisIsNotJust",41,ThisIsNotJust,,,,,,,,,,,,,,,,,,,,,,,,,,,,,,,,,,,,,2,M&S Ireland,https://www.instagram.com/p/DJZ26I0JpVg/,https://www.instagram.com/explore/tags/ThisIsNotJust,marksandspencerireland
"Sunny summer days  M&S Pizza Dine-In  Choose one pizza and one side for just €8.50

#thisisnotjust",,thisisnotjust,,,,,,,,,,,,,,,,,,,,,,,,,,,,,,,,,,,,,0,M&S Galway,https://www.instagram.com/p/DJZbuMGMHLF/,https://www.instagram.com/explore/tags/ThisIsNotJust,mands.galway
"⭐ New in the M&S Foodhall – and we’re BERRY excited! 

Introducing the Brain Food Mixed Berry Bar, packed with dates, smooth almond butter and freeze-dried strawberries, raspberries & blueberries! 

High in iron and a source of zinc to support brain health, it’s a no-brainer for smart, nutritious snacking on-the-go. ⚡

Find it in your local M&S Foodhall or via the link in bio NOW! 

*Best enjoyed as part of a healthy lifestyle and a balanced, varied diet. High in iron and zinc, which contribute to normal cognitive function.*

#MandSCy #Symeonides #thisisnotjust",2,MandSCy,Symeonides,thisisnotjust,,,,,,,,,,,,,,,,,,,,,,,,,,,,,,,,,,,0,Symeonides Fashion House,https://www.instagram.com/p/DJTel1UAq6h/,https://www.instagram.com/explore/tags/ThisIsNotJust,marksandspencer_symeonides
"This has to be one of my favourite dresses, it hides a multitude of sins, perfect for dressing up or down, concealed buttons, and now with pockets (sadly @marksandspencerstyle didn’t include them but the tailor soon rectified that!). 

A last minute dash to the supermarket and a minute to catch the last of the sun propping up an old door - if you live in Stourbridge you’ll know where I am! Roll on Friday.

Penny loves - @waitrose ‘too good to waste’ line - amazing sushi for 99p, plus two salads for £1!

Dress - @marksandspencerstyle 
Denim - @frenchconnection 
Trainers @adidas 

#wednesdaystyle #blackdress #mymarksfave #mymarks #denimjacket #pennysyear #midlifestyle #stourbridge",6,wednesdaystyle,blackdress,mymarksfave,mymarks,denimjacket,pennysyear,midlifestyle,stourbridge,,,,,,,,,,,,,,,,,,,,,,,242878335,marksandspencerstyle,waitrose,frenchconnection,adidas,,,1,Penny,https://www.instagram.com/p/DJ8qIn5M382/,https://www.instagram.com/explore/tags/MyMarks,pennyreallylikesthis
"I’m all for the texture this Summer ☀️ 
Especially this easy to wear textured Cuban collar shirt

Cuban collar texture shirt navy mix T25 1280M | £35.00
Denim shorts, straight fit Ecru T17 7850M | £22.00

Though we’ve paused taking orders via our website and app for now, you can still shop in store - our brilliant colleagues look forward to seeing you

#mymarks #marksandspencer #mensweardaily #menswear #summer25 #summerlikeyoumeanit",3,mymarks,marksandspencer,mensweardaily,menswear,summer25,summerlikeyoumeanit,,,,,,,,,,,,,,,,,,,,,,,,,,,,,,,,3,M&S INSIDER - ROB MANNING,https://www.instagram.com/p/DJ8jQpooU7f/,https://www.instagram.com/explore/tags/MyMarks,marksandspencer_rob
"Always winning when I’m wearing linen  Hope you all have a great weekend! 
•
#mensfashion #fashionstyle #ootdmen #albertclothing #mymarks #tailoring",,mensfashion,fashionstyle,ootdmen,albertclothing,mymarks,tailoring,,,,,,,,,,,,,,,,,,,,,,,,,,,,,,,,0,Ben Noren,https://www.instagram.com/p/DJ8jF9aNHBP/,https://www.instagram.com/explore/tags/MyMarks,coycreativity
"Happy Thursday! Drinks tonight. Life is good.

Jacket & loafers - @marksandspencer 
Jeans - @bershka 
Bag - @thekooples 

#ootdfashion #ootd #lookoftheday #anotheroutfitpost #asseenonme #wiwt #mymarks #discoverunder1k #discoverunder5k #outfitoftheday #outfitinspiration #springoutfits #highstreetstyle #highstreetfashion",3,ootdfashion,ootd,lookoftheday,anotheroutfitpost,asseenonme,wiwt,mymarks,discoverunder1k,discoverunder5k,outfitoftheday,outfitinspiration,springoutfits,highstreetstyle,highstreetfashion,,,,,,,,,,,,,,,,,12222710,marksandspencer,bershka,thekooples,,,,0,Liz J,https://www.instagram.com/p/DJ8fP_Ts9vk/,https://www.instagram.com/explore/tags/MyMarks,lizjootd
Let’s all try to manifest for a sunny half term please,47,,,,,,,,,,,,,,,,,,,,,,,,,,,,,,,,,,,,,,59,P r u n e l l a - P o p p y,https://www.instagram.com/p/DJ8ZvfrqTXy/,https://www.instagram.com/explore/tags/MyMarks,prunella_poppy
"@marksandspencer 
2pk pure cotton elephant rompers
•
•
@marksandspencerstyle @marksandspencerireland 
#babyfashion #babyboyfashion #babystyle #babyboystyle #mymarks #babyboyoutfit #marksandspencer#marksandspencerkids #marksandspencerbaby #romper #babyromper #summeroutfits #summerbabyfashion",,babyfashion,babyboyfashion,babystyle,babyboystyle,mymarks,babyboyoutfit,marksandspencer,marksandspencerkids,marksandspencerbaby,romper,babyromper,summeroutfits,summerbabyfashion,,,,,,,,,,,,,,,,,,,marksandspencer,marksandspencerstyle,marksandspencerireland,,,,0,Josiah’s Wardrobe,https://www.instagram.com/p/DJ7neCus31o/,https://www.instagram.com/explore/tags/MyMarks,josiahswardrobe
"I’m back to hospital for another op next week, nothing to worry about, just Part 2 of the last op and all the ongoing stuff that goes with it!  So, I just wanted to let you know I will be closing my shop for a short while on Friday, so if anything has caught your eye, I will have plenty of time to send it before pressing pause again!

#cancerjourney #breastcancer #breastcancerawareness #checkyourself #landscapepaintings #abstractlandscapes #artandartist #mystyle #mymarks #art #marksinart #modernabstractart #wiltshireartistsofinstagram #artistinstudio #meettheartist #inthestudio #artstudio #artistsstudio #studioviews_daily #wiltshireartist #presspause",145,cancerjourney,breastcancer,breastcancerawareness,checkyourself,landscapepaintings,abstractlandscapes,artandartist,mystyle,mymarks,art,marksinart,modernabstractart,wiltshireartistsofinstagram,artistinstudio,meettheartist,inthestudio,artstudio,artistsstudio,studioviews_daily,wiltshireartist,presspause,,,,,,,,,,,,,,,,,111,Abstract Artist - Wiltshire,https://www.instagram.com/p/DJ65cr-oujh/,https://www.instagram.com/explore/tags/MyMarks,andreakirbyart
"Always winning when I’m wearing linen  Hope you all have a great weekend! 
•
#mensfashion #fashionstyle #ootdmen #albertclothing #mymarks #tailoring",,mensfashion,fashionstyle,ootdmen,albertclothing,mymarks,tailoring,,,,,,,,,,,,,,,,,,,,,,,,,,,,,,,,0,Ben Culton,https://www.instagram.com/p/DJ61vptN49Y/,https://www.instagram.com/explore/tags/MyMarks,artfulgelbert
"My Boy Rafe  

#mymarks",20,mymarks,,,,,,,,,,,,,,,,,,,,,,,,,,,,,,,,,,,,,0,,https://www.instagram.com/p/DJ6vhbDIYpq/,https://www.instagram.com/explore/tags/MyMarks,gunn_sisters
"I shared the reel last week but had to post a few stills too. This table setup is so full of colour and pattern, I just love how joyful it feels. The new picnicware makes everything feel a bit like a celebration, even on a weekday lunch.

#mymarks #OutdoorDining #Picnicware #ColourfulTable #TableStyling #SummerVibes #MarksAndSpencerStyle",31,mymarks,OutdoorDining,Picnicware,ColourfulTable,TableStyling,SummerVibes,MarksAndSpencerStyle,,,,,,,,,,,,,,,,,,,,,,,,,,,,,,,0,M&S Insider - James Rotheram,https://www.instagram.com/p/DJ6kTYuqVWk/,https://www.instagram.com/explore/tags/MyMarks,marksandspencer_james
"Just when you thought matching sets for mini mes couldn’t get any cuter ​

@marksandspencer_chelsey. 
#MyMarks​

Though we’ve paused taking orders via our website and app for now, you can still shop in store – our brilliant colleagues look forward to seeing you.​",127,MyMarks​,,,,,,,,,,,,,,,,,,,,,,,,,,,,,,,marksandspencer_chelsey.,,,,,,2,Marks & Spencer Style,https://www.instagram.com/p/DJ6D7OvM9Qp/,https://www.instagram.com/explore/tags/MyMarks,marksandspencerstyle
"First Light ☀️ 
•
#mensfashion #fashionstyle #fashionformen #ootdmen #mymarks",1,mensfashion,fashionstyle,fashionformen,ootdmen,mymarks,,,,,,,,,,,,,,,,,,,,,,,,,,,,,,,,,0,Ben Noren,https://www.instagram.com/p/DJ5-DpvNZyv/,https://www.instagram.com/explore/tags/MyMarks,coycreativity
"A double denim look, or does this count as a triple denim look, either way I went with it ✌",73,,,,,,,,,,,,,,,,,,,,,,,,,,,,,,,,,,,,,,69,P r u n e l l a - P o p p y,https://www.instagram.com/p/DJ508V4qQTp/,https://www.instagram.com/explore/tags/MyMarks,prunella_poppy
"the kitchen, 1 year ago today vs this evening

our calming, cosy hosting space at sunset is one of my favourite rooms in the house! wowww was this a big project - everyday throughout i kept thinking we were never gonna get it finished after we decided to rip up the floors and rip out the entire kitchen! we also expected to just clean up the kitchen and keep it for a few years, definitely didn’t expect months of pot noodles and now it’s all done

all details tagged! 

️ #beforeandafter #home #kitchen #kitchenremodel #renovation #interior #interiordesign #cottagecoreaesthetic #cottagestyle #housetohomeshare #mywhitecompany #bandq_uk #bandqit #desenio #mymarks",3,beforeandafter,home,kitchen,kitchenremodel,renovation,interior,interiordesign,cottagecoreaesthetic,cottagestyle,housetohomeshare,mywhitecompany,bandq_uk,bandqit,desenio,mymarks,,,,,,,,,,,,,,,,,,,,,,,14,,https://www.instagram.com/p/DJ4ig7ki_eD/,https://www.instagram.com/explore/tags/MyMarks,oakbornecottage
"Zoom in on this close-up 
Twill tailoring meets paisley charm — classic tailoring with a contemporary feel 

@marksandspencer 
@marksandspencerstyle 

Though we’ve paused taking orders via our website and app for now, you can still shop in store - our brilliant colleagues look forward to seeing you 

Tailored Twill Square Waistcoat-T592000W
Twill Wide Leg Trousers-T592289T
Flatform Sandals -T023186
Mesh Tote Bag-T012120Z
Paisley Cotton Scarf-T669655N

#mymarks 
#marksandspencer 
#marksandspencerstyle 
#midsize 
#ootd
#tailoredlook 
#whattoweartoday 
#curvystyles 
#closeupshot
#fyp
#fypage",59,mymarks,marksandspencer,marksandspencerstyle,midsize,ootd,tailoredlook,whattoweartoday,curvystyles,closeupshot,fyp,fypage,,,,,,,,,,,,,,,,,,,,,marksandspencer,marksandspencerstyle,,,,,7,Anneka Gouldbourne,https://www.instagram.com/p/DJ4dj5PI-Jp/,https://www.instagram.com/explore/tags/MyMarks,marksandspencer_anneka
"This outfit went immediately into my basket ️ Gigi is absolutely obsessed with animals so it was a must   swipe for the cheekiest smile ➡️

Sweatshirt and flares outfit | T782494D
Canvas trainers | T722164T

Though we’ve paused taking orders via our website and app for now, you can still shop in store - our brilliant colleagues look forward to seeing you

#mymarks @marksandspencerstyle @marksandspencer",61,mymarks,,,,,,,,,,,,,,,,,,,,,,,,,,,,,,,marksandspencerstyle,marksandspencer,,,,,6,M&S INSIDER - JODIE,https://www.instagram.com/p/DJ4WEEqooDj/,https://www.instagram.com/explore/tags/MyMarks,marksandspencer_jodie
"First Light ☀️ 
•
#mensfashion #fashionstyle #fashionformen #ootdmen #mymarks",,mensfashion,fashionstyle,fashionformen,ootdmen,mymarks,,,,,,,,,,,,,,,,,,,,,,,,,,,,,,,,,0,Ben Culton,https://www.instagram.com/p/DJ4QjZUtjjV/,https://www.instagram.com/explore/tags/MyMarks,artfulgelbert
"Hi guys! I’m Daisy and I’m super excited to be your newest M&S Insider!!✨⛅️

A bit about me: I’m a Womenswear Stylist at the Battersea Power Station store. I love to travel, so expect to see a mix of everyday style and holiday looks over the next few months! When it comes to fashion, I naturally lean towards a clean, capsule wardrobe but I also love switching things up and experimenting with seasonal trends.

I’ll be sharing how I style my favourite M&S pieces, from everyday looks to travel outfits, i’m so excited to show you all the ways to style key M&S pieces for different occasions. If there’s anything you’d love to see, feel free to get in touch, I can’t wait to share more with you!

Outfit details:
Skirt: T574239
Top: T417743
Shoes: T023170
Sunglasses: T010120S
Bag: T011275Z
Cardigan: T388528
Earrings: T661695E

Though we’ve paused taking orders via our website and app for now, you can still shop in store - our brilliant colleagues look forward to seeing you!

#MyMarks
@marksandspencer 
@marksandspencerstyle",978,MyMarks,,,,,,,,,,,,,,,,,,,,,,,,,,,,,,213385402,marksandspencer,marksandspencerstyle,,,,,89,M&S Insider Daisy,https://www.instagram.com/p/DJ3viYpsXR_/,https://www.instagram.com/explore/tags/MyMarks,marksandspencer_dais
"Love the colour on these green cargos and they’re a cotton and linen mix great for this changeable weather! ️

Does anyone else’s toddler have to take an item from the house every time you leave!? Yesterday it was a 4ft stuffed snake so thankfully it was just a book today 

Swipe for a cute hello from Lionel 

Though we’ve paused taking orders via our website and app for now, you can still shop in store - our brilliant colleagues look forward to seeing you

Denim Jacket: T771022T
Trousers: T784093E
Sandals: T723310F

#MarksAndSpencer #MyMarks #BoysFashion #KidsFashion #BoysOutfit #KidsStyle #KidsOutfit #ToddlerBoyFashion 
#ToddlerStyle #MiniOOTD 

@marksandspencer @marksandspencerstyle",51,MarksAndSpencer,MyMarks,BoysFashion,KidsFashion,BoysOutfit,KidsStyle,KidsOutfit,ToddlerBoyFashion,ToddlerStyle,MiniOOTD,,,,,,,,,,,,,,,,,,,,,,marksandspencer,marksandspencerstyle,,,,,4,M&S INSIDER CHELSEY,https://www.instagram.com/p/DJ3hPEMtL3c/,https://www.instagram.com/explore/tags/MyMarks,marksandspencer_chelsey
"Cardi - @marksandspencer 
Sandals - @dune_london 
Jeans - @zara 

#ootdfashion #ootd #lookoftheday #anotheroutfitpost #asseenonme #mymarks #discoverunder1k #discoverunder5k #highstreetstyle #highstreetfashion #wiwt #springoutfits #outfitinspiration #outfitoftheday #dunelondon",3,ootdfashion,ootd,lookoftheday,anotheroutfitpost,asseenonme,mymarks,discoverunder1k,discoverunder5k,highstreetstyle,highstreetfashion,wiwt,springoutfits,outfitinspiration,outfitoftheday,dunelondon,,,,,,,,,,,,,,,,12222710,marksandspencer,dune_london,zara,,,,2,Liz J,https://www.instagram.com/p/DJ3U38-MG29/,https://www.instagram.com/explore/tags/MyMarks,lizjootd
"Princess  
.
.
.
Aris whole outfit is @marksandspencerstyle",3,,,,,,,,,,,,,,,,,,,,,,,,,,,,,,,,marksandspencerstyle,,,,,,52,Courtney Frances Atkinson,https://www.instagram.com/p/DJ3OVQZs2Q_/,https://www.instagram.com/explore/tags/MyMarks,courtaky
"My Marks
oil pastel on Arches watercolor paper
interested, ask me
10” x 7”

#oilpastel #mymarks #contemporaryart #scotrittenbaumart",11,oilpastel,mymarks,contemporaryart,scotrittenbaumart,,,,,,,,,,,,,,,,,,,,,,,,,,,,,,,,,,0,Scot Rittenbaum,https://www.instagram.com/p/DJ2eChguf1p/,https://www.instagram.com/explore/tags/MyMarks,scotrittenbaumart
"19.5.25
This is 41. A weekend of celebrating with family and friends in Cardiff, followed by a Monday birthday. Monday must be the worst day to have a birthday! But everyone has made sure it’s felt special   
New birthday sandals @drmartensofficial 
Jeans @marksandspencer 
Top @uniqloeurope 
Bag @freepeopleeu 
#whatiworetoday #wiwt #drmartensstyle #mydrmartensstyle #mymarks #mymarksstyle #outfitoftheday #ootd",36,whatiworetoday,wiwt,drmartensstyle,mydrmartensstyle,mymarks,mymarksstyle,outfitoftheday,ootd,,,,,,,,,,,,,,,,,,,,,,,,drmartensofficial,marksandspencer,uniqloeurope,freepeopleeu,,,7,What Emily wore today,https://www.instagram.com/p/DJ2X5weoC9x/,https://www.instagram.com/explore/tags/MyMarks,whatemilyworetoday
"Happy Monday 

@officialnavyprofessional & @willowacademy_lj • Prep
@the_gelbottle_inc • Cantral Perk & Mimosa 
@nails_luxeofficial • Brushes 
@nafprofessionals • Cuticles

Inspo @silkbeauty.uk 

#navyprotools #thegelbottle #thegelbottleinc #thegelbottlebiab #summernails #holidaynails #fruitynails #brightnails #greennails #summer2025 #nailinspo2025 #summernaildesigns #2025nails #asos #very #plt #showscrach #nailitdaily #mymarks #shortnailsdesign #squarenails",951,navyprotools,thegelbottle,thegelbottleinc,thegelbottlebiab,summernails,holidaynails,fruitynails,brightnails,greennails,summer2025,nailinspo2025,summernaildesigns,2025nails,asos,very,plt,showscrach,nailitdaily,mymarks,shortnailsdesign,squarenails,,,,,,,,,,228033999,officialnavyprofessional,willowacademy_lj,the_gelbottle_inc,nails_luxeofficial,nafprofessionals,silkbeauty.uk,28,Lindsey Clark,https://www.instagram.com/p/DJ2K-4esFd7/,https://www.instagram.com/explore/tags/MyMarks,lindseysbeautylounge1
"⭐ Scoop it, load it, love it  

 Top of the Chocs: a chocolate lover’s dream, blending dark chocolate ice cream with chocolate coated biscuit bits and decadent chocolate truffles.
 Movie Night Popcorn Flavour: a cinematic treat, with rich caramel swirls and crunchy chocolate coated pretzel pieces.
 Nut your Average: a sumptuous hazelnut and milk chocolate ice cream, speckled with whole praline hazelnuts.

Find our Fully Loaded #icecream tubs in your local M&S Foodhall or via the link in bio NOW! 

#MandSCy #Symeonides #thisisnotjust",4,icecream,MandSCy,Symeonides,thisisnotjust,,,,,,,,,,,,,,,,,,,,,,,,,,,,,,,,,,0,Symeonides Fashion House,https://www.instagram.com/p/DJ8eLFbCQa4/,https://www.instagram.com/explore/tags/thisisnotjust,marksandspencer_symeonides
"Quality you trust, style you love. This is M&S.”

#MyMandS
#MandSStyle
#MarksandSpencer
#MandSHome (if styled for gifting or décor)
#MandSStationery
#ThisIsNotJust",1,MyMandS,MandSStyle,MarksandSpencer,MandSHome,MandSStationery,ThisIsNotJust,,,,,,,,,,,,,,,,,,,,,,,,,326995278,,,,,,,0,zahra,https://www.instagram.com/p/DJ58dNSz6MP/,https://www.instagram.com/explore/tags/thisisnotjust,zahra_shopian
"⭐ New in the M&S Foodhall

Our shelves in the #biscuit aisle are stacked... and your cravings are about to be satisfied! All, baked for a satisfyingly crunchy texture and perfect for dunking in your cuppa. ☕

Come find your new fave in your local M&S Foodhall or via the link in bio. 

#MandSCy #Symeonides #thisisnotjust",8,biscuit,MandSCy,Symeonides,thisisnotjust,,,,,,,,,,,,,,,,,,,,,,,,,,,,,,,,,,0,Symeonides Fashion House,https://www.instagram.com/p/DJ395S-Ri_Q/,https://www.instagram.com/explore/tags/thisisnotjust,marksandspencer_symeonides
"Je jedno jestli ovocný, bylinný, černý, zelený nebo kořeněný. Čaj u nás milujeme v jakékoli podobě. 

Dnes je skvělá příležitost dopřát si svůj oblíbený šálek. Tento hřejivý nápoj má totiž dnes svůj svátek – slaví se totiž Mezinárodní den čaje!  Tak na zdraví. 

#marksandspenerczechrepublic #marksandspencerceskarepublika #mezinarodnidencaje #fairtrade #fairtradecaj #thisisnotjust #marksandspencerpotraviny",18,marksandspenerczechrepublic,marksandspencerceskarepublika,mezinarodnidencaje,fairtrade,fairtradecaj,thisisnotjust,marksandspencerpotraviny,,,,,,,,,,,,,,,,,,,,,,,,,,,,,,,1,M&S Czech Republic,https://www.instagram.com/p/DJ3qAqNgZwV/,https://www.instagram.com/explore/tags/thisisnotjust,marksandspencerczechrepublic
"Tonight on the menu: Mongolian stir-fried beef mince with fried egg and steamed rice, courtesy of @MarkMoriarty1.

 Catch Cook Like a Chef with Mark Moriarty in partnership with @mandsireland every Wednesday at 8pm on RTÉ One.

#MyMarksFave #ThisIsNotJust",45,MyMarksFave,ThisIsNotJust,,,,,,,,,,,,,,,,,,,,,,,,,,,,,,MarkMoriarty1.,mandsireland,,,,,0,M&S Ireland,https://www.instagram.com/p/DJuO3rTNQWL/,https://www.instagram.com/explore/tags/thisisnotjust,marksandspencerireland
"A swirl of yoghurt, a sprinkle of crunch, and your favourite #frozenfruits! 
Discover a colourful fruit medley of juicy mango, plump blueberries, and ripe raspberries, perfect for chia puddings, yoghurt parfaits (and more!) in your local M&S Foodhall or via the link in bio. 
#MandSCy #Symeonides #thisisnotjust",6,frozenfruits!,MandSCy,Symeonides,thisisnotjust,,,,,,,,,,,,,,,,,,,,,,,,,,,,,,,,,,0,Symeonides Fashion House,https://www.instagram.com/p/DJn32fJCZGq/,https://www.instagram.com/explore/tags/thisisnotjust,marksandspencer_symeonides
"You need these cookie dunkers in your life marksandspencerfood 

#cosy #hotchocolate #cookies #dunk #biscuit #dunking #cosyvibes #chocolate #hotelchocolat #foodie #hotdrink #mymarks #thisisnotjust #cookiedunkers #maltedmilk #new #relaxed #cosynights #coffee #tea #yum #nifoodblogger #belfastblogger #nibloggers #nifoodie #foodstagram",,cosy,hotchocolate,cookies,dunk,biscuit,dunking,cosyvibes,chocolate,hotelchocolat,foodie,hotdrink,mymarks,thisisnotjust,cookiedunkers,maltedmilk,new,relaxed,cosynights,coffee,tea,yum,nifoodblogger,belfastblogger,nibloggers,nifoodie,foodstagram,,,,,,,,,,,,0,Ibtihal Morales,https://www.instagram.com/p/DJm4YIisdV5/,https://www.instagram.com/explore/tags/thisisnotjust,belfastfoodies
"Dnešní den patří ženám, které s námi byly u prvních slov, prvních krůčků i prvních přípitků. ❤️

Dnes patří všechny přípitky jim – maminkám. Na zdraví! 

#marksandspencerczechrepublic #marksandspencerceskarepublika #denmatek #denmatekdarek #thisisnotjust #marksandspencerpotraviny",128,marksandspencerczechrepublic,marksandspencerceskarepublika,denmatek,denmatekdarek,thisisnotjust,marksandspencerpotraviny,,,,,,,,,,,,,,,,,,,,,,,,,,,,,,,,0,M&S Czech Republic,https://www.instagram.com/p/DJgGpFnMbWG/,https://www.instagram.com/explore/tags/thisisnotjust,marksandspencerczechrepublic
"Jak začít Světový den pro fair trade? Přece šálkem kávy nebo čaje od certifikovaných famářů.♻️

Podporujeme spravedlivý obchod, proto si dáváme záležet, aby naše kávová zrna a čajové lístky pocházeli z oveřených a férových zdrojů. 

#marksandspencerceskarepublika #marksandspencerczechrepublic #marksandspencerpotraviny #thisisnotjust #fairtrade #spravedlivyobchod",33,marksandspencerceskarepublika,marksandspencerczechrepublic,marksandspencerpotraviny,thisisnotjust,fairtrade,spravedlivyobchod,,,,,,,,,,,,,,,,,,,,,,,,,,,,,,,,0,M&S Czech Republic,https://www.instagram.com/p/DJdh1Y6RxCM/,https://www.instagram.com/explore/tags/thisisnotjust,marksandspencerczechrepublic
"Bring the heat to BBQ season 

It’s the Grill trio you never knew you needed to spice up the summer season, and here are the 3 reasons your BBQ just levelled up… 

  Smashed Burgers – perfectly seasoned with cracked black pepper and sea salt. Get these thin, juicy patties onto a sizzling hot griddle to get
that irresistible, caramelised crust and stack up those buns! 

 Our Best Ever Posh Dogs – an elevated, classic recipe made with cherrywood smoked pork shoulder and an American-style smoky seasoning
blend. Enjoy with lashings of ketchup and mustard for the ultimate comfort bite in every mouthful  

 Nduja King Prawn Skewers – specially selected for succulence and smothered in a hot and smoky Italian nduja paste with chilli, garlic and paprika.

Summer has never tasted so good ☀️

Find our Grill range in your local M&S Foodhall 

#thisisnotjust",24,thisisnotjust,,,,,,,,,,,,,,,,,,,,,,,,,,,,,,,,,,,,,1,M&S Ireland,https://www.instagram.com/p/DJcDq-1NR_W/,https://www.instagram.com/explore/tags/thisisnotjust,marksandspencerireland
New Finds!  At M&S @marksandspencerfood #mandsfood #thisisnotjust #cake #truffles #chocolate #wellthisisnew,166,mandsfood,thisisnotjust,cake,truffles,chocolate,wellthisisnew,,,,,,,,,,,,,,,,,,,,,,,,,,marksandspencerfood,,,,,,2,Well This Is New,https://www.instagram.com/p/DJbFOhKInh_/,https://www.instagram.com/explore/tags/thisisnotjust,_well_this_is_new_
"⭐ New in the M&S Foodhall - let’s get the BALL rolling on brain health 

Our brilliant new mixed berry and almond butter Brain Food Brain Ball is here!

High in iron, zinc and vitamin B12, this tasty on-the-go snack provides at least 30% of the RNI of these essential brain-health nutrients in one go. 

Find it in your local M&S Foodhall or via the link in bio NOW! 

*Best enjoyed as part of a healthy lifestyle & a balanced, varied diet. High in iron and zinc, which contribute to normal cognitive function.*

#MandSCy #Symeonides #thisisnotjust",6,MandSCy,Symeonides,thisisnotjust,,,,,,,,,,,,,,,,,,,,,,,,,,,,,,,,,,,0,Symeonides Fashion House,https://www.instagram.com/p/DJa_07fiByO/,https://www.instagram.com/explore/tags/thisisnotjust,marksandspencer_symeonides
"Made with love, our Irish bread is baked fresh in our in-store bakeries every day ☘ #ThisIsNotJust",41,ThisIsNotJust,,,,,,,,,,,,,,,,,,,,,,,,,,,,,,,,,,,,,2,M&S Ireland,https://www.instagram.com/p/DJZ26I0JpVg/,https://www.instagram.com/explore/tags/thisisnotjust,marksandspencerireland
"Sunny summer days  M&S Pizza Dine-In  Choose one pizza and one side for just €8.50

#thisisnotjust",,thisisnotjust,,,,,,,,,,,,,,,,,,,,,,,,,,,,,,,,,,,,,0,M&S Galway,https://www.instagram.com/p/DJZbuMGMHLF/,https://www.instagram.com/explore/tags/thisisnotjust,mands.galway
"⭐ New in the M&S Foodhall – and we’re BERRY excited! 

Introducing the Brain Food Mixed Berry Bar, packed with dates, smooth almond butter and freeze-dried strawberries, raspberries & blueberries! 

High in iron and a source of zinc to support brain health, it’s a no-brainer for smart, nutritious snacking on-the-go. ⚡

Find it in your local M&S Foodhall or via the link in bio NOW! 

*Best enjoyed as part of a healthy lifestyle and a balanced, varied diet. High in iron and zinc, which contribute to normal cognitive function.*

#MandSCy #Symeonides #thisisnotjust",2,MandSCy,Symeonides,thisisnotjust,,,,,,,,,,,,,,,,,,,,,,,,,,,,,,,,,,,0,Symeonides Fashion House,https://www.instagram.com/p/DJTel1UAq6h/,https://www.instagram.com/explore/tags/thisisnotjust,marksandspencer_symeonides
"Marks&Spencer Pure Cotton Minecraft Tie-dye T-shirt 

●Available from 12 - 16 years

To shop with us:
• Send us a DM
• Chat us on WhatsApp 08155556001
• Visit our Store 36, old olowoira Road magodo isheri berger lagos

#marksandspencer#boystyle#boysfashion#boysoutfit#kidswear#boysoutfit#kidsoutfit#kidstoreinlagos#martelkidz",1,marksandspencer,boystyle,boysfashion,boysoutfit,kidswear,kidsoutfit,kidstoreinlagos,martelkidz,,,,,,,,,,,,,,,,,,,,,,,725249224,,,,,,,0,Martel Kidz (Kids Retail Fashion Store In Lagos),https://www.instagram.com/p/DJ9PRofocO-/,https://www.instagram.com/explore/tags/Marksandspencer,martelkidz
Sunny Thursday Scotland  #tag #raybans #chanel #marksandspencer #newblance,,tag,raybans,chanel,marksandspencer,newblance,,,,,,,,,,,,,,,,,,,,,,,,,,,,,,,,,0,Dude _whwres_my_keyboard,https://www.instagram.com/p/DJ9JDAioTRj/,https://www.instagram.com/explore/tags/Marksandspencer,_whwres_my_keyboard
Today’s lunch just fancied this combo #caloriecountinguk #caloriedeficitdiet #weightloss #happyhumpday #slimmingworlduk #marksandspencer #highprotein,3,caloriecountinguk,caloriedeficitdiet,weightloss,happyhumpday,slimmingworlduk,marksandspencer,highprotein,,,,,,,,,,,,,,,,,,,,,,,,,,,,,,,0,Jen,https://www.instagram.com/p/DJ9H3sxIbpt/,https://www.instagram.com/explore/tags/Marksandspencer,slimming_down_haribo
"Mae M&S yn rhagweld y bydd yr ymosodiad seiber yn effeithio arnynt tan Gorffennaf 2025.

#marksandspencer #tech #cymru #welsh",4,marksandspencer,tech,cymru,welsh,,,,,,,,,,,,,,,,,,,,,,,,,,,962853840,,,,,,,0,DIM SBIN,https://www.instagram.com/p/DJ9Gi5_NL7a/,https://www.instagram.com/explore/tags/Marksandspencer,hanshdimsbin
"Beauty is in the eyes, Age is in the head. Stay strong,  bold, limitless. 
#gngmylook #marksandspencer #brownsmokeyeye",18,gngmylook,marksandspencer,brownsmokeyeye,,,,,,,,,,,,,,,,,,,,,,,,,,,,,,,,,,,5,Suparna Swatson,https://www.instagram.com/p/DJ9FMOapn3t/,https://www.instagram.com/explore/tags/Marksandspencer,suparna.swatson
"Drink photography is all about the little things- that perfect pour, soft highlights, and the condensation that hints at an ice-cold glass.

Shot for Marks & Spencer, this Champagne Oudinet set was all about subtlety: a gentle lifestyle feel, soft pastels, and lots of options for the party ahead.

Loved working with these gorgeous pink tones and hints of champagne gold in the labels — elegant, celebratory, and quietly luxurious.

Enjoy the bank holiday! ✨

#DrinkPhotography #ChampagneOudinet #MarksAndSpencer #FoodAndDrinkStyling #StillLifePhotography #CommercialPhotography #SetDesign #CreativeDirection #ViralShoot #PhotographerLife #OnSet #FMCG",3,DrinkPhotography,ChampagneOudinet,MarksAndSpencer,FoodAndDrinkStyling,StillLifePhotography,CommercialPhotography,SetDesign,CreativeDirection,ViralShoot,PhotographerLife,OnSet,FMCG,,,,,,,,,,,,,,,,,,,,,,,,,,0,Malou Burger,https://www.instagram.com/p/DJ9DV8-vujP/,https://www.instagram.com/explore/tags/Marksandspencer,malouburgerphoto
"PR Masterclass: Marks & Spencer’s “This is Not Just Food…” 
Back in 2004, M&S pulled off a brand reset for the ages.
Sales were stalling. The sparkle was fading.
Then came a sultry voiceover, slow-mo gravy pours, and food that flirted with the camera.
“This isn’t just food… this is M&S food.”
The result?
• Sales surged 
• The public quoted it ️
• Parodies went viral
• M&S became premium again
Why it worked:
• Emotional storytelling
• A clear, confident voice
• Sold a feeling, not just a product
• Every bite became a brand moment
This didn’t just sell food—it reshaped the brand’s place in British culture.
#PRMasterclass #UKAdvertising #BrandStorytelling #PublicRelations #FoodPorn #MarksAndSpencer #ThisIsNotJustFood #PitchAndProtect #CommsWin",,PRMasterclass,UKAdvertising,BrandStorytelling,PublicRelations,FoodPorn,MarksAndSpencer,ThisIsNotJustFood,PitchAndProtect,CommsWin,,,,,,,,,,,,,,,,,,,,,,,,,,,,,0,,https://www.instagram.com/p/DJ9B-ZvOHnS/,https://www.instagram.com/explore/tags/Marksandspencer,pitchandprotect
"Meal no.1 - Brioche Roll, filled with seasoned scrambled eggs..

.
.
It’s giving late breakfast vibes — and you already know what’s on the plate: Agege bread and egg 

Fluffy, filling, full of flavor — it’s not always the healthiest, but it hits different. As a proud African Nigerian, this combo is a classic.

Don’t sleep on it! Try it once and you’ll get it.
Want to level it up? Throw in some chicken sausage, baked beans, or your fave protein.
It’s warm, it’s cozy, and it tastes like home.

Perfect with a hot cup of Milo or Bournvita — trust me, that’s the full experience.

Taste Nigeria  in M&S food hall ✨

@marksandspencer
@marksandspencerfood 

#nigerianbreakfast #themandsedit #marksandspencer #mandsfood #localnigerianfood #bukaofmands #myversion #food #healthiswealthfitness #calories #ılovefood #viberightnow #foodsneh",6,nigerianbreakfast,themandsedit,marksandspencer,mandsfood,localnigerianfood,bukaofmands,myversion,food,healthiswealthfitness,calories,ılovefood,viberightnow,foodsneh,,,,,,,,,,,,,,,,,,267690981,marksandspencer,marksandspencerfood,,,,,1,The M&S Edit,https://www.instagram.com/p/DJ8_v22sI1u/,https://www.instagram.com/explore/tags/Marksandspencer,themandsedit
M&S cafe Aberystwyth this morning. Technical pen and brush pens on paper napkin. #Aberystwyth #marksandspencer #marksandspenceraberystwyth #urbansketching #urbansketch #urbansketcher #coffeeshopsketches,1,Aberystwyth,marksandspencer,marksandspenceraberystwyth,urbansketching,urbansketch,urbansketcher,coffeeshopsketches,,,,,,,,,,,,,,,,,,,,,,,,,,,,,,,0,"Chris Davey urban sketching, printmaking",https://www.instagram.com/p/DJ893ekswhL/,https://www.instagram.com/explore/tags/Marksandspencer,chris_davey_artist_scientist
"夏天就係要食啲透心涼嘅甜品～全新登場嘅 M&S雲呢拿味希臘式乳酪雪糕絕對係甜品新寵！用上希臘式乳酪製成，雲呢拿味夠濃又清爽，低脂無負擔  仲可以配搭鮮果或其他配料，喺屋企都可以 chill 住歎個清新甜品！
 
立即到就近嘅門店選購 。
 
Summer is all about enjoying refreshing treats~  The all-new M&S Greek Style Vanilla Frozen Yogurt is definitely your new dessert favourite! Made with Greek style yogurt, it’s rich in vanilla flavour yet light and refreshing, with low fat and no guilt  It pairs perfectly with fresh fruits or other toppings, allowing you to chill at home and savour a fresh, light dessert!
 
Shop at your nearest M&S Foodhall now!
 
#MarksandSpencer #MandSHK",90,MarksandSpencer,MandSHK,,,,,,,,,,,,,,,,,,,,,,,,,,,,,,,,,,,,0,M&S Hong Kong & Macau,https://www.instagram.com/p/DJ86eAgN_HO/,https://www.instagram.com/explore/tags/Marksandspencer,marksandspencerhk
"Cyber chaos in the UK’s food supply chain.

Smaller logistics firms like Peter Green Chilled – a distributor for Tesco, Aldi, and Sainsbury’s – are being held ransom by cyber hackers.

Thousands of products may be wasted as ransomware attacks lock companies out of critical systems.

One supplier said, “Ten pallets of meat are just sitting there. The clock is ticking.”

Larger brands like M&S and Co-op have also been hit, exposing customer data and causing shortages.

Experts warn that the supply chain is a major weak spot, and cyber attacks on retailers are ""hugely underreported.""

Half of the UK’s food relies on cold chain logistics — and hackers know it.

It’s not just tech firms at risk!

As soon as we know the Who, why and How, we will update you! 

#CyberSecurity #UKNews #FoodSupply #RetailNews #Hacking #Ransomware #Tesco #Aldi #Sainsburys #MarksandSpencer #CyberAttack #SupplyChain",2,CyberSecurity,UKNews,FoodSupply,RetailNews,Hacking,Ransomware,Tesco,Aldi,Sainsburys,MarksandSpencer,CyberAttack,SupplyChain,,,,,,,,,,,,,,,,,,,,,,,,,,0,Cyber Security ️,https://www.instagram.com/p/DJ80j-Ytqpy/,https://www.instagram.com/explore/tags/Marksandspencer,zero_day_defence
"AA kalite Askılı yırtmaçlı Elbise 
Beden SMLXL2XL3XL

Sipariş için dm den iletişime gecebilirsiniz. 
1000 TL üstü kargo ücretsizdir.

#zara #marksandspencer #streetine #pullandbear #koton #ipekyol #beymen #vakko #Mango #markagiyim #şıklığınadresi#rsbutik #gaziantep #trendgiyim #versace #adilışık #stradivarius #keşvetteyiz #keşfetteyiz 
#ihracatfazlasıürünler #markadünyası 
 #ihracatfazlası 
 #mersin #i̇stanbul #i̇zmir #antalya  #datca #marmarıs #adana #muğlafethiye",4,zara,marksandspencer,streetine,pullandbear,koton,ipekyol,beymen,vakko,Mango,markagiyim,şıklığınadresi,rsbutik,gaziantep,trendgiyim,versace,adilışık,stradivarius,keşvetteyiz,keşfetteyiz,ihracatfazlasıürünler,markadünyası,ihracatfazlası,mersin,i̇stanbul,i̇zmir,antalya,datca,marmarıs,adana,muğlafethiye,,,,,,,,0,(Rahşan Alir),https://www.instagram.com/p/DJ8yiLwMf2n/,https://www.instagram.com/explore/tags/Marksandspencer,rsbutikgaziantep_rahsan_butik
"Cyberangriff auf Marks & Spencer!
➡️ 300 Mio. Pfund Verlust
➡️ Kundendaten gestohlen
➡️ Online-Shop down
Papier & Stift statt IT – der britische Handel wankt.
#Cyberangriff #MarksAndSpencer #Hacking #Datendiebstahl #Einzelhandel #ITSecurity",,Cyberangriff,MarksAndSpencer,Hacking,Datendiebstahl,Einzelhandel,ITSecurity,,,,,,,,,,,,,,,,,,,,,,,,,,,,,,,,0,Die Tageszeichnung,https://www.instagram.com/p/DJ8u3CCpkUt/,https://www.instagram.com/explore/tags/Marksandspencer,dietageszeichnung
"M&S Midi Waisted V Neck Dress 
.
Brand: Marks and Spencers ✨
.
.
Shipping to pakistan straight from the UK 
Don't miss out to elevate your wardrobes with us ✨
.
.
Order now dm for sizes 
.
.
#dresses #mididress #luxurybrand #luxuryclothing #clothingformen #clothingformenandwomen #marksandspencer #jewllery #shoes #makeup #bags #accessories #clothing #hackett #clothingforwomen #dorothyperkins #uk #england #lahore #pakistan",,dresses,mididress,luxurybrand,luxuryclothing,clothingformen,clothingformenandwomen,marksandspencer,jewllery,shoes,makeup,bags,accessories,clothing,hackett,clothingforwomen,dorothyperkins,uk,england,lahore,pakistan,,,,,,,,,,,,,,,,,,0,UK Luxe Cart,https://www.instagram.com/p/DJ8tnPAi95K/,https://www.instagram.com/explore/tags/Marksandspencer,ukluxecart
"Lot # 101
 Used price290-ไม่รวมส่ง
uk10/eu38 เดรสสีดำอก 38 เอว 30 ยาว 46
 #marksandspencer แท้  
ขนส่ง flash 30 เหมา 50 /ลงทะเบียน 30/ ems 50.(สำหรับ 2 ตัว ตัวต่อเพิ่ม 10 บาทนะคะ)
Id ไลน์@ baabrands (มี @ นำหน้า)",,marksandspencer,,,,,,,,,,,,,,,,,,,,,,,,,,,,,,,,,,,,,0,Baa Brands,https://www.instagram.com/p/DJ8teHzR5Io/,https://www.instagram.com/explore/tags/Marksandspencer,baa.brands
"Brining luxury from MARKS & SPENCERS at your doorstep ✨
Order away now ✨
 .
.
Shipping to pakistan straight from the UK 
Don't miss out to elevate your wardrobes with us ✨
.
.
Order now dm for sizes 
.
.
#dresses #mididress #luxurybrand #luxuryclothing #clothingformen #clothingformenandwomen #marksandspencer #jewllery #shoes #makeup #bags #accessories #clothing #hackett #clothingforwomen #dorothyperkins #uk #england #lahore #pakistan",,dresses,mididress,luxurybrand,luxuryclothing,clothingformen,clothingformenandwomen,marksandspencer,jewllery,shoes,makeup,bags,accessories,clothing,hackett,clothingforwomen,dorothyperkins,uk,england,lahore,pakistan,,,,,,,,,,,,,,,,,,0,UK Luxe Cart,https://www.instagram.com/p/DJ8tMI8ixP_/,https://www.instagram.com/explore/tags/Marksandspencer,ukluxecart
"M&S V-neck Strappy  Midaxi Swing dress 
Color: Dark Raspberry 
.
.
Brand: MARKS & SPENCERS London 
.
.
.
.
Shipping to pakistan straight from the UK 
Don't miss out to elevate your wardrobes with us ✨
.
.
Order now dm for sizes 
.
.
#dresses #mididress #luxurybrand #luxuryclothing #clothingformen #clothingformenandwomen #jewllery #marksandspencer #shoes #makeup #bags #accessories #clothing #hackett #clothingforwomen #dorothyperkins #uk #england #pakistan",1,dresses,mididress,luxurybrand,luxuryclothing,clothingformen,clothingformenandwomen,jewllery,marksandspencer,shoes,makeup,bags,accessories,clothing,hackett,clothingforwomen,dorothyperkins,uk,england,pakistan,,,,,,,,,,,,,,,,,,,0,UK Luxe Cart,https://www.instagram.com/p/DJ8ss5YCHlf/,https://www.instagram.com/explore/tags/Marksandspencer,ukluxecart
"AA kalite Askılı yırtmaçlı Elbise 
Beden SMLXL2XL3XL

Sipariş için dm den iletişime gecebilirsiniz. 
1000 TL üstü kargo ücretsizdir.

#zara #marksandspencer #streetine #pullandbear #koton #ipekyol #beymen #vakko #Mango #markagiyim #şıklığınadresi#rsbutik #gaziantep #trendgiyim #versace #adilışık #stradivarius #keşvetteyiz #keşfetteyiz 
#ihracatfazlasıürünler #markadünyası 
 #ihracatfazlası 
 #mersin #i̇stanbul #i̇zmir #antalya  #datca #marmarıs #adana #muğlafethiye",6,zara,marksandspencer,streetine,pullandbear,koton,ipekyol,beymen,vakko,Mango,markagiyim,şıklığınadresi,rsbutik,gaziantep,trendgiyim,versace,adilışık,stradivarius,keşvetteyiz,keşfetteyiz,ihracatfazlasıürünler,markadünyası,ihracatfazlası,mersin,i̇stanbul,i̇zmir,antalya,datca,marmarıs,adana,muğlafethiye,,,,,,,,0,(Rahşan Alir),https://www.instagram.com/p/DJ8ox43MUwj/,https://www.instagram.com/explore/tags/Marksandspencer,rsbutikgaziantep_rahsan_butik
"Halloween Party Bangers at marksandspencerfood 

#halloweencookies #halloweenpartyideas #halloweenpartyfood #halloweenfood #halloweenfoodideas #marksandspencer #mands",,halloweencookies,halloweenpartyideas,halloweenpartyfood,halloweenfood,halloweenfoodideas,marksandspencer,mands,,,,,,,,,,,,,,,,,,,,,,,,,,,,,,,0,Big Schroeder,https://www.instagram.com/p/DJ8jjIIuOcT/,https://www.instagram.com/explore/tags/Marksandspencer,hinainstyle
"I’m all for the texture this Summer ☀️ 
Especially this easy to wear textured Cuban collar shirt

Cuban collar texture shirt navy mix T25 1280M | £35.00
Denim shorts, straight fit Ecru T17 7850M | £22.00

Though we’ve paused taking orders via our website and app for now, you can still shop in store - our brilliant colleagues look forward to seeing you

#mymarks #marksandspencer #mensweardaily #menswear #summer25 #summerlikeyoumeanit",3,mymarks,marksandspencer,mensweardaily,menswear,summer25,summerlikeyoumeanit,,,,,,,,,,,,,,,,,,,,,,,,,,,,,,,,3,M&S INSIDER - ROB MANNING,https://www.instagram.com/p/DJ8jQpooU7f/,https://www.instagram.com/explore/tags/Marksandspencer,marksandspencer_rob
"Marks & Spencer confirms a major cyberattack disrupted operations, leaving shelves empty and online sales frozen — expected to slash nearly one-third of annual profits, costing the retailer £300M in 2025/26.

#MarksAndSpencer #CyberAttack #RetailNews #M&S #DataBreach #UKRetail #BusinessUpdate #ProfitLoss #RetailSecurity #CyberSecurity #DigitalThreats #MSEarnings",,MarksAndSpencer,CyberAttack,RetailNews,M&S,DataBreach,UKRetail,BusinessUpdate,ProfitLoss,RetailSecurity,CyberSecurity,DigitalThreats,MSEarnings,,,,,,,,,,,,,,,,,,,,,,,,,,0,Inc Feature,https://www.instagram.com/p/DJ8jI0vR6KV/,https://www.instagram.com/explore/tags/Marksandspencer,incfeature
